recording_id,label,source
a0001,1,training-a
a0002,1,training-a
a0003,1,training-a
a0004,1,training-a
a0005,1,training-a
a0006,1,training-a
a0007,0,training-a
a0008,1,training-a
a0009,0,training-a
a0010,1,training-a
a0011,0,training-a
a0012,0,training-a
a0013,1,training-a
a0014,1,training-a
a0015,1,training-a
a0016,0,training-a
a0017,1,training-a
a0018,1,training-a
a0019,0,training-a
a0020,1,training-a
a0021,1,training-a
a0022,1,training-a
a0023,1,training-a
a0024,1,training-a
a0025,0,training-a
a0026,1,training-a
a0027,0,training-a
a0028,0,training-a
a0029,0,training-a
a0030,1,training-a
a0031,1,training-a
a0032,0,training-a
a0033,1,training-a
a0034,1,training-a
a0035,0,training-a
a0036,1,training-a
a0037,1,training-a
a0038,0,training-a
a0039,1,training-a
a0040,1,training-a
a0041,1,training-a
a0042,1,training-a
a0043,1,training-a
a0044,1,training-a
a0045,1,training-a
a0046,1,training-a
a0047,1,training-a
a0048,1,training-a
a0049,0,training-a
a0050,0,training-a
a0051,1,training-a
a0052,1,training-a
a0053,0,training-a
a0054,1,training-a
a0055,0,training-a
a0056,1,training-a
a0057,1,training-a
a0058,1,training-a
a0059,1,training-a
a0060,1,training-a
a0061,1,training-a
a0062,1,training-a
a0063,1,training-a
a0064,1,training-a
a0065,1,training-a
a0066,1,training-a
a0067,1,training-a
a0068,0,training-a
a0069,0,training-a
a0070,0,training-a
a0071,0,training-a
a0072,1,training-a
a0073,1,training-a
a0074,1,training-a
a0075,1,training-a
a0076,1,training-a
a0077,1,training-a
a0078,1,training-a
a0079,1,training-a
a0080,0,training-a
a0081,0,training-a
a0082,1,training-a
a0083,1,training-a
a0084,1,training-a
a0085,0,training-a
a0086,0,training-a
a0087,1,training-a
a0088,0,training-a
a0089,1,training-a
a0090,1,training-a
a0091,0,training-a
a0092,1,training-a
a0093,0,training-a
a0094,0,training-a
a0095,1,training-a
a0096,1,training-a
a0097,1,training-a
a0098,1,training-a
a0099,1,training-a
a0100,1,training-a
a0101,1,training-a
a0102,0,training-a
a0103,1,training-a
a0104,1,training-a
a0105,0,training-a
a0106,0,training-a
a0107,1,training-a
a0108,0,training-a
a0109,0,training-a
a0110,1,training-a
a0111,1,training-a
a0112,1,training-a
a0113,1,training-a
a0114,1,training-a
a0115,1,training-a
a0116,1,training-a
a0117,1,training-a
a0118,0,training-a
a0119,1,training-a
a0120,1,training-a
a0121,1,training-a
a0122,1,training-a
a0123,1,training-a
a0124,1,training-a
a0125,0,training-a
a0126,1,training-a
a0127,0,training-a
a0128,1,training-a
a0129,0,training-a
a0130,1,training-a
a0131,1,training-a
a0132,1,training-a
a0133,1,training-a
a0134,1,training-a
a0135,1,training-a
a0136,0,training-a
a0137,1,training-a
a0138,1,training-a
a0139,0,training-a
a0140,0,training-a
a0141,0,training-a
a0142,1,training-a
a0143,1,training-a
a0144,1,training-a
a0145,1,training-a
a0146,1,training-a
a0147,1,training-a
a0148,1,training-a
a0149,1,training-a
a0150,1,training-a
a0151,1,training-a
a0152,1,training-a
a0153,0,training-a
a0154,0,training-a
a0155,0,training-a
a0156,1,training-a
a0157,1,training-a
a0158,1,training-a
a0159,1,training-a
a0160,1,training-a
a0161,0,training-a
a0162,1,training-a
a0163,1,training-a
a0164,1,training-a
a0165,0,training-a
a0166,1,training-a
a0167,1,training-a
a0168,1,training-a
a0169,1,training-a
a0170,1,training-a
a0171,0,training-a
a0172,1,training-a
a0173,1,training-a
a0174,1,training-a
a0175,1,training-a
a0176,1,training-a
a0177,1,training-a
a0178,0,training-a
a0179,0,training-a
a0180,1,training-a
a0181,0,training-a
a0182,1,training-a
a0183,1,training-a
a0184,0,training-a
a0185,0,training-a
a0186,1,training-a
a0187,1,training-a
a0188,1,training-a
a0189,0,training-a
a0190,1,training-a
a0191,1,training-a
a0192,1,training-a
a0193,0,training-a
a0194,1,training-a
a0195,0,training-a
a0196,0,training-a
a0197,1,training-a
a0198,1,training-a
a0199,0,training-a
a0200,1,training-a
a0201,1,training-a
a0202,1,training-a
a0203,1,training-a
a0204,0,training-a
a0205,1,training-a
a0206,1,training-a
a0207,1,training-a
a0208,0,training-a
a0209,1,training-a
a0210,0,training-a
a0211,0,training-a
a0212,0,training-a
a0213,1,training-a
a0214,1,training-a
a0215,1,training-a
a0216,1,training-a
a0217,1,training-a
a0218,1,training-a
a0219,1,training-a
a0220,1,training-a
a0221,1,training-a
a0222,1,training-a
a0223,1,training-a
a0224,1,training-a
a0225,1,training-a
a0226,1,training-a
a0227,0,training-a
a0228,1,training-a
a0229,0,training-a
a0230,1,training-a
a0231,0,training-a
a0232,1,training-a
a0233,1,training-a
a0234,1,training-a
a0235,0,training-a
a0236,1,training-a
a0237,1,training-a
a0238,0,training-a
a0239,1,training-a
a0240,1,training-a
a0241,0,training-a
a0242,1,training-a
a0243,0,training-a
a0244,1,training-a
a0245,1,training-a
a0246,1,training-a
a0247,1,training-a
a0248,1,training-a
a0249,1,training-a
a0250,0,training-a
a0251,1,training-a
a0252,1,training-a
a0253,0,training-a
a0254,1,training-a
a0255,1,training-a
a0256,1,training-a
a0257,1,training-a
a0258,1,training-a
a0259,1,training-a
a0260,1,training-a
a0261,1,training-a
a0262,1,training-a
a0263,1,training-a
a0264,0,training-a
a0265,1,training-a
a0266,0,training-a
a0267,1,training-a
a0268,1,training-a
a0269,1,training-a
a0270,0,training-a
a0271,0,training-a
a0272,1,training-a
a0273,1,training-a
a0274,0,training-a
a0275,1,training-a
a0276,1,training-a
a0277,1,training-a
a0278,1,training-a
a0279,1,training-a
a0280,1,training-a
a0281,1,training-a
a0282,1,training-a
a0283,0,training-a
a0284,1,training-a
a0285,0,training-a
a0286,1,training-a
a0287,0,training-a
a0288,1,training-a
a0289,0,training-a
a0290,0,training-a
a0291,1,training-a
a0292,1,training-a
a0293,0,training-a
a0294,0,training-a
a0295,1,training-a
a0296,1,training-a
a0297,1,training-a
a0298,0,training-a
a0299,0,training-a
a0300,1,training-a
a0301,0,training-a
a0302,0,training-a
a0303,1,training-a
a0304,0,training-a
a0305,1,training-a
a0306,1,training-a
a0307,1,training-a
a0308,1,training-a
a0309,0,training-a
a0310,0,training-a
a0311,0,training-a
a0312,1,training-a
a0313,1,training-a
a0314,1,training-a
a0315,1,training-a
a0316,1,training-a
a0317,1,training-a
a0318,1,training-a
a0319,1,training-a
a0320,1,training-a
a0321,1,training-a
a0322,1,training-a
a0323,0,training-a
a0324,1,training-a
a0325,0,training-a
a0326,1,training-a
a0327,1,training-a
a0328,0,training-a
a0329,0,training-a
a0330,0,training-a
a0331,1,training-a
a0332,0,training-a
a0333,1,training-a
a0334,0,training-a
a0335,1,training-a
a0336,1,training-a
a0337,0,training-a
a0338,1,training-a
a0339,1,training-a
a0340,0,training-a
a0341,1,training-a
a0342,0,training-a
a0343,1,training-a
a0344,1,training-a
a0345,1,training-a
a0346,1,training-a
a0347,1,training-a
a0348,1,training-a
a0349,1,training-a
a0350,1,training-a
a0351,0,training-a
a0352,0,training-a
a0353,0,training-a
a0354,1,training-a
a0355,0,training-a
a0356,1,training-a
a0357,1,training-a
a0358,1,training-a
a0359,0,training-a
a0360,1,training-a
a0361,0,training-a
a0362,1,training-a
a0363,1,training-a
a0364,1,training-a
a0365,1,training-a
a0366,1,training-a
a0367,1,training-a
a0368,1,training-a
a0369,1,training-a
a0370,1,training-a
a0371,1,training-a
a0372,1,training-a
a0373,1,training-a
a0374,1,training-a
a0375,1,training-a
a0376,1,training-a
a0377,1,training-a
a0378,1,training-a
a0379,1,training-a
a0380,1,training-a
a0381,1,training-a
a0382,1,training-a
a0383,1,training-a
a0384,1,training-a
a0385,0,training-a
a0386,0,training-a
a0387,1,training-a
a0388,1,training-a
a0389,1,training-a
a0390,1,training-a
a0391,1,training-a
a0392,1,training-a
a0393,0,training-a
a0394,1,training-a
a0395,1,training-a
a0396,1,training-a
a0397,1,training-a
a0398,1,training-a
a0399,1,training-a
a0400,1,training-a
a0401,0,training-a
a0402,1,training-a
a0403,1,training-a
a0404,1,training-a
a0405,0,training-a
a0406,0,training-a
a0407,0,training-a
a0408,0,training-a
a0409,0,training-a
b0001,0,training-b
b0002,0,training-b
b0003,0,training-b
b0004,0,training-b
b0005,0,training-b
b0006,0,training-b
b0007,0,training-b
b0008,1,training-b
b0009,0,training-b
b0010,0,training-b
b0011,0,training-b
b0012,0,training-b
b0013,1,training-b
b0014,0,training-b
b0015,0,training-b
b0016,1,training-b
b0017,0,training-b
b0018,1,training-b
b0019,0,training-b
b0020,0,training-b
b0021,0,training-b
b0022,1,training-b
b0023,1,training-b
b0024,0,training-b
b0025,0,training-b
b0026,0,training-b
b0027,0,training-b
b0028,0,training-b
b0029,0,training-b
b0030,1,training-b
b0031,0,training-b
b0032,1,training-b
b0033,1,training-b
b0034,0,training-b
b0035,0,training-b
b0036,0,training-b
b0037,1,training-b
b0038,0,training-b
b0039,0,training-b
b0040,1,training-b
b0041,1,training-b
b0042,0,training-b
b0043,1,training-b
b0044,0,training-b
b0045,0,training-b
b0046,1,training-b
b0047,0,training-b
b0048,1,training-b
b0049,0,training-b
b0050,0,training-b
b0051,0,training-b
b0052,0,training-b
b0053,0,training-b
b0054,1,training-b
b0055,0,training-b
b0056,0,training-b
b0057,1,training-b
b0058,0,training-b
b0059,0,training-b
b0060,0,training-b
b0061,0,training-b
b0062,0,training-b
b0063,1,training-b
b0064,0,training-b
b0065,0,training-b
b0066,0,training-b
b0067,0,training-b
b0068,1,training-b
b0069,0,training-b
b0070,0,training-b
b0071,0,training-b
b0072,0,training-b
b0073,0,training-b
b0074,0,training-b
b0075,0,training-b
b0076,0,training-b
b0077,1,training-b
b0078,0,training-b
b0079,0,training-b
b0080,0,training-b
b0081,1,training-b
b0082,0,training-b
b0083,0,training-b
b0084,0,training-b
b0085,0,training-b
b0086,1,training-b
b0087,0,training-b
b0088,0,training-b
b0089,0,training-b
b0090,0,training-b
b0091,0,training-b
b0092,0,training-b
b0093,0,training-b
b0094,0,training-b
b0095,0,training-b
b0096,1,training-b
b0097,0,training-b
b0098,0,training-b
b0099,0,training-b
b0100,0,training-b
b0101,0,training-b
b0102,0,training-b
b0103,0,training-b
b0104,0,training-b
b0105,0,training-b
b0106,1,training-b
b0107,0,training-b
b0108,0,training-b
b0109,0,training-b
b0110,0,training-b
b0111,0,training-b
b0112,0,training-b
b0113,0,training-b
b0114,0,training-b
b0115,0,training-b
b0116,0,training-b
b0117,1,training-b
b0118,0,training-b
b0119,0,training-b
b0120,1,training-b
b0121,0,training-b
b0122,0,training-b
b0123,0,training-b
b0124,0,training-b
b0125,0,training-b
b0126,0,training-b
b0127,0,training-b
b0128,0,training-b
b0129,0,training-b
b0130,1,training-b
b0131,0,training-b
b0132,0,training-b
b0133,0,training-b
b0134,0,training-b
b0135,0,training-b
b0136,1,training-b
b0137,1,training-b
b0138,0,training-b
b0139,0,training-b
b0140,1,training-b
b0141,0,training-b
b0142,0,training-b
b0143,0,training-b
b0144,0,training-b
b0145,0,training-b
b0146,0,training-b
b0147,0,training-b
b0148,1,training-b
b0149,0,training-b
b0150,0,training-b
b0151,0,training-b
b0152,0,training-b
b0153,0,training-b
b0154,0,training-b
b0155,1,training-b
b0156,0,training-b
b0157,0,training-b
b0158,0,training-b
b0159,1,training-b
b0160,0,training-b
b0161,0,training-b
b0162,0,training-b
b0163,0,training-b
b0164,1,training-b
b0165,0,training-b
b0166,0,training-b
b0167,0,training-b
b0168,0,training-b
b0169,0,training-b
b0170,0,training-b
b0171,1,training-b
b0172,0,training-b
b0173,0,training-b
b0174,0,training-b
b0175,0,training-b
b0176,1,training-b
b0177,0,training-b
b0178,0,training-b
b0179,0,training-b
b0180,0,training-b
b0181,0,training-b
b0182,0,training-b
b0183,0,training-b
b0184,0,training-b
b0185,0,training-b
b0186,0,training-b
b0187,0,training-b
b0188,0,training-b
b0189,0,training-b
b0190,1,training-b
b0191,0,training-b
b0192,0,training-b
b0193,0,training-b
b0194,0,training-b
b0195,0,training-b
b0196,0,training-b
b0197,1,training-b
b0198,0,training-b
b0199,0,training-b
b0200,0,training-b
b0201,0,training-b
b0202,0,training-b
b0203,0,training-b
b0204,0,training-b
b0205,0,training-b
b0206,0,training-b
b0207,0,training-b
b0208,1,training-b
b0209,0,training-b
b0210,0,training-b
b0211,0,training-b
b0212,0,training-b
b0213,0,training-b
b0214,0,training-b
b0215,0,training-b
b0216,0,training-b
b0217,0,training-b
b0218,0,training-b
b0219,0,training-b
b0220,0,training-b
b0221,1,training-b
b0222,0,training-b
b0223,0,training-b
b0224,1,training-b
b0225,0,training-b
b0226,0,training-b
b0227,0,training-b
b0228,0,training-b
b0229,0,training-b
b0230,0,training-b
b0231,0,training-b
b0232,1,training-b
b0233,1,training-b
b0234,0,training-b
b0235,1,training-b
b0236,0,training-b
b0237,0,training-b
b0238,1,training-b
b0239,1,training-b
b0240,0,training-b
b0241,0,training-b
b0242,1,training-b
b0243,1,training-b
b0244,0,training-b
b0245,0,training-b
b0246,0,training-b
b0247,0,training-b
b0248,1,training-b
b0249,0,training-b
b0250,0,training-b
b0251,1,training-b
b0252,0,training-b
b0253,1,training-b
b0254,0,training-b
b0255,0,training-b
b0256,0,training-b
b0257,1,training-b
b0258,0,training-b
b0259,0,training-b
b0260,0,training-b
b0261,0,training-b
b0262,1,training-b
b0263,1,training-b
b0264,0,training-b
b0265,1,training-b
b0266,0,training-b
b0267,1,training-b
b0268,0,training-b
b0269,0,training-b
b0270,0,training-b
b0271,1,training-b
b0272,0,training-b
b0273,1,training-b
b0274,0,training-b
b0275,0,training-b
b0276,0,training-b
b0277,0,training-b
b0278,1,training-b
b0279,1,training-b
b0280,1,training-b
b0281,0,training-b
b0282,0,training-b
b0283,0,training-b
b0284,1,training-b
b0285,0,training-b
b0286,0,training-b
b0287,0,training-b
b0288,0,training-b
b0289,0,training-b
b0290,0,training-b
b0291,0,training-b
b0292,1,training-b
b0293,0,training-b
b0294,0,training-b
b0295,1,training-b
b0296,0,training-b
b0297,0,training-b
b0298,0,training-b
b0299,1,training-b
b0300,0,training-b
b0301,0,training-b
b0302,0,training-b
b0303,0,training-b
b0304,0,training-b
b0305,0,training-b
b0306,0,training-b
b0307,1,training-b
b0308,0,training-b
b0309,0,training-b
b0310,0,training-b
b0311,0,training-b
b0312,0,training-b
b0313,0,training-b
b0314,0,training-b
b0315,0,training-b
b0316,0,training-b
b0317,0,training-b
b0318,1,training-b
b0319,1,training-b
b0320,0,training-b
b0321,0,training-b
b0322,0,training-b
b0323,0,training-b
b0324,0,training-b
b0325,0,training-b
b0326,0,training-b
b0327,1,training-b
b0328,0,training-b
b0329,0,training-b
b0330,0,training-b
b0331,0,training-b
b0332,0,training-b
b0333,0,training-b
b0334,1,training-b
b0335,1,training-b
b0336,0,training-b
b0337,0,training-b
b0338,0,training-b
b0339,0,training-b
b0340,0,training-b
b0341,1,training-b
b0342,1,training-b
b0343,0,training-b
b0344,1,training-b
b0345,0,training-b
b0346,0,training-b
b0347,0,training-b
b0348,0,training-b
b0349,1,training-b
b0350,0,training-b
b0351,0,training-b
b0352,0,training-b
b0353,0,training-b
b0354,0,training-b
b0355,0,training-b
b0356,0,training-b
b0357,0,training-b
b0358,0,training-b
b0359,0,training-b
b0360,0,training-b
b0361,1,training-b
b0362,0,training-b
b0363,0,training-b
b0364,0,training-b
b0365,1,training-b
b0366,0,training-b
b0367,1,training-b
b0368,0,training-b
b0369,1,training-b
b0370,0,training-b
b0371,0,training-b
b0372,0,training-b
b0373,0,training-b
b0374,0,training-b
b0375,0,training-b
b0376,0,training-b
b0377,0,training-b
b0378,0,training-b
b0379,0,training-b
b0380,0,training-b
b0381,0,training-b
b0382,0,training-b
b0383,0,training-b
b0384,1,training-b
b0385,1,training-b
b0386,0,training-b
b0387,0,training-b
b0388,0,training-b
b0389,0,training-b
b0390,1,training-b
b0391,0,training-b
b0392,0,training-b
b0393,0,training-b
b0394,0,training-b
b0395,1,training-b
b0396,0,training-b
b0397,1,training-b
b0398,0,training-b
b0399,0,training-b
b0400,0,training-b
b0401,0,training-b
b0402,0,training-b
b0403,0,training-b
b0404,0,training-b
b0405,0,training-b
b0406,0,training-b
b0407,0,training-b
b0408,1,training-b
b0409,1,training-b
b0410,0,training-b
b0411,0,training-b
b0412,0,training-b
b0413,1,training-b
b0414,0,training-b
b0415,0,training-b
b0416,0,training-b
b0417,0,training-b
b0418,1,training-b
b0419,0,training-b
b0420,0,training-b
b0421,0,training-b
b0422,1,training-b
b0423,0,training-b
b0424,0,training-b
b0425,0,training-b
b0426,0,training-b
b0427,1,training-b
b0428,1,training-b
b0429,0,training-b
b0430,0,training-b
b0431,0,training-b
b0432,0,training-b
b0433,0,training-b
b0434,0,training-b
b0435,0,training-b
b0436,1,training-b
b0437,1,training-b
b0438,0,training-b
b0439,0,training-b
b0440,0,training-b
b0441,0,training-b
b0442,0,training-b
b0443,0,training-b
b0444,1,training-b
b0445,0,training-b
b0446,1,training-b
b0447,0,training-b
b0448,0,training-b
b0449,0,training-b
b0450,1,training-b
b0451,0,training-b
b0452,0,training-b
b0453,0,training-b
b0454,0,training-b
b0455,1,training-b
b0456,0,training-b
b0457,0,training-b
b0458,0,training-b
b0459,0,training-b
b0460,0,training-b
b0461,0,training-b
b0462,0,training-b
b0463,0,training-b
b0464,0,training-b
b0465,1,training-b
b0466,0,training-b
b0467,1,training-b
b0468,1,training-b
b0469,0,training-b
b0470,0,training-b
b0471,1,training-b
b0472,0,training-b
b0473,0,training-b
b0474,1,training-b
b0475,0,training-b
b0476,1,training-b
b0477,0,training-b
b0478,0,training-b
b0479,0,training-b
b0480,0,training-b
b0481,0,training-b
b0482,0,training-b
b0483,0,training-b
b0484,1,training-b
b0485,0,training-b
b0486,0,training-b
b0487,0,training-b
b0488,0,training-b
b0489,0,training-b
b0490,0,training-b
c0001,1,training-c
c0002,1,training-c
c0003,0,training-c
c0004,1,training-c
c0005,1,training-c
c0006,0,training-c
c0007,0,training-c
c0008,1,training-c
c0009,1,training-c
c0010,1,training-c
c0011,0,training-c
c0012,1,training-c
c0013,1,training-c
c0014,1,training-c
c0015,1,training-c
c0016,0,training-c
c0017,1,training-c
c0018,1,training-c
c0019,1,training-c
c0020,1,training-c
c0021,1,training-c
c0022,0,training-c
c0023,1,training-c
c0024,1,training-c
c0025,1,training-c
c0026,1,training-c
c0027,1,training-c
c0028,1,training-c
c0029,1,training-c
c0030,0,training-c
c0031,1,training-c
d0001,0,training-d
d0002,1,training-d
d0003,1,training-d
d0004,1,training-d
d0005,0,training-d
d0006,0,training-d
d0007,0,training-d
d0008,1,training-d
d0009,1,training-d
d0010,1,training-d
d0011,1,training-d
d0012,1,training-d
d0013,0,training-d
d0014,1,training-d
d0015,0,training-d
d0016,0,training-d
d0017,1,training-d
d0018,1,training-d
d0019,1,training-d
d0020,0,training-d
d0021,1,training-d
d0022,1,training-d
d0023,0,training-d
d0024,0,training-d
d0025,0,training-d
d0026,1,training-d
d0027,0,training-d
d0028,1,training-d
d0029,1,training-d
d0030,0,training-d
d0031,0,training-d
d0032,1,training-d
d0033,1,training-d
d0034,1,training-d
d0035,1,training-d
d0036,0,training-d
d0037,0,training-d
d0038,1,training-d
d0039,1,training-d
d0040,1,training-d
d0041,0,training-d
d0042,1,training-d
d0043,0,training-d
d0044,0,training-d
d0045,0,training-d
d0046,1,training-d
d0047,0,training-d
d0048,0,training-d
d0049,0,training-d
d0050,0,training-d
d0051,1,training-d
d0052,1,training-d
d0053,0,training-d
d0054,0,training-d
d0055,0,training-d
e00001,0,training-e
e00002,0,training-e
e00003,0,training-e
e00004,0,training-e
e00005,0,training-e
e00006,0,training-e
e00007,0,training-e
e00008,0,training-e
e00009,0,training-e
e00010,0,training-e
e00011,0,training-e
e00012,0,training-e
e00013,0,training-e
e00014,0,training-e
e00015,0,training-e
e00016,0,training-e
e00017,0,training-e
e00018,0,training-e
e00019,0,training-e
e00020,1,training-e
e00021,0,training-e
e00022,0,training-e
e00023,0,training-e
e00024,0,training-e
e00025,0,training-e
e00026,0,training-e
e00027,0,training-e
e00028,0,training-e
e00029,0,training-e
e00030,0,training-e
e00031,0,training-e
e00032,0,training-e
e00033,0,training-e
e00034,0,training-e
e00035,0,training-e
e00036,0,training-e
e00037,0,training-e
e00038,0,training-e
e00039,0,training-e
e00040,0,training-e
e00041,0,training-e
e00042,0,training-e
e00043,0,training-e
e00044,0,training-e
e00045,0,training-e
e00046,0,training-e
e00047,0,training-e
e00048,1,training-e
e00049,0,training-e
e00050,0,training-e
e00051,0,training-e
e00052,0,training-e
e00053,0,training-e
e00054,0,training-e
e00055,0,training-e
e00056,0,training-e
e00057,0,training-e
e00058,0,training-e
e00059,1,training-e
e00060,0,training-e
e00061,0,training-e
e00062,0,training-e
e00063,0,training-e
e00064,0,training-e
e00065,0,training-e
e00066,0,training-e
e00067,0,training-e
e00068,0,training-e
e00069,0,training-e
e00070,0,training-e
e00071,1,training-e
e00072,0,training-e
e00073,0,training-e
e00074,0,training-e
e00075,0,training-e
e00076,0,training-e
e00077,0,training-e
e00078,0,training-e
e00079,0,training-e
e00080,0,training-e
e00081,0,training-e
e00082,0,training-e
e00083,0,training-e
e00084,0,training-e
e00085,0,training-e
e00086,0,training-e
e00087,1,training-e
e00088,0,training-e
e00089,0,training-e
e00090,0,training-e
e00091,0,training-e
e00092,0,training-e
e00093,0,training-e
e00094,0,training-e
e00095,0,training-e
e00096,0,training-e
e00097,1,training-e
e00098,0,training-e
e00099,0,training-e
e00100,0,training-e
e00101,0,training-e
e00102,0,training-e
e00103,0,training-e
e00104,0,training-e
e00105,0,training-e
e00106,0,training-e
e00107,0,training-e
e00108,0,training-e
e00109,0,training-e
e00110,0,training-e
e00111,0,training-e
e00112,0,training-e
e00113,0,training-e
e00114,1,training-e
e00115,0,training-e
e00116,0,training-e
e00117,0,training-e
e00118,0,training-e
e00119,0,training-e
e00120,1,training-e
e00121,0,training-e
e00122,0,training-e
e00123,0,training-e
e00124,0,training-e
e00125,0,training-e
e00126,0,training-e
e00127,0,training-e
e00128,0,training-e
e00129,0,training-e
e00130,0,training-e
e00131,0,training-e
e00132,0,training-e
e00133,0,training-e
e00134,0,training-e
e00135,1,training-e
e00136,0,training-e
e00137,0,training-e
e00138,0,training-e
e00139,0,training-e
e00140,1,training-e
e00141,0,training-e
e00142,1,training-e
e00143,0,training-e
e00144,0,training-e
e00145,0,training-e
e00146,0,training-e
e00147,0,training-e
e00148,0,training-e
e00149,0,training-e
e00150,0,training-e
e00151,0,training-e
e00152,1,training-e
e00153,0,training-e
e00154,0,training-e
e00155,0,training-e
e00156,0,training-e
e00157,0,training-e
e00158,0,training-e
e00159,0,training-e
e00160,0,training-e
e00161,0,training-e
e00162,0,training-e
e00163,0,training-e
e00164,0,training-e
e00165,0,training-e
e00166,0,training-e
e00167,0,training-e
e00168,0,training-e
e00169,0,training-e
e00170,0,training-e
e00171,0,training-e
e00172,0,training-e
e00173,0,training-e
e00174,0,training-e
e00175,0,training-e
e00176,1,training-e
e00177,0,training-e
e00178,0,training-e
e00179,0,training-e
e00180,0,training-e
e00181,0,training-e
e00182,0,training-e
e00183,0,training-e
e00184,0,training-e
e00185,0,training-e
e00186,0,training-e
e00187,0,training-e
e00188,0,training-e
e00189,0,training-e
e00190,0,training-e
e00191,1,training-e
e00192,0,training-e
e00193,0,training-e
e00194,0,training-e
e00195,1,training-e
e00196,0,training-e
e00197,0,training-e
e00198,0,training-e
e00199,0,training-e
e00200,0,training-e
e00201,0,training-e
e00202,0,training-e
e00203,0,training-e
e00204,0,training-e
e00205,0,training-e
e00206,0,training-e
e00207,0,training-e
e00208,0,training-e
e00209,0,training-e
e00210,0,training-e
e00211,0,training-e
e00212,0,training-e
e00213,0,training-e
e00214,0,training-e
e00215,0,training-e
e00216,1,training-e
e00217,0,training-e
e00218,0,training-e
e00219,0,training-e
e00220,0,training-e
e00221,0,training-e
e00222,0,training-e
e00223,0,training-e
e00224,0,training-e
e00225,0,training-e
e00226,0,training-e
e00227,0,training-e
e00228,1,training-e
e00229,0,training-e
e00230,0,training-e
e00231,0,training-e
e00232,0,training-e
e00233,0,training-e
e00234,0,training-e
e00235,0,training-e
e00236,0,training-e
e00237,0,training-e
e00238,0,training-e
e00239,0,training-e
e00240,0,training-e
e00241,0,training-e
e00242,0,training-e
e00243,0,training-e
e00244,0,training-e
e00245,0,training-e
e00246,0,training-e
e00247,0,training-e
e00248,0,training-e
e00249,0,training-e
e00250,0,training-e
e00251,0,training-e
e00252,0,training-e
e00253,0,training-e
e00254,0,training-e
e00255,0,training-e
e00256,0,training-e
e00257,0,training-e
e00258,0,training-e
e00259,0,training-e
e00260,0,training-e
e00261,0,training-e
e00262,0,training-e
e00263,0,training-e
e00264,0,training-e
e00265,0,training-e
e00266,1,training-e
e00267,0,training-e
e00268,0,training-e
e00269,0,training-e
e00270,0,training-e
e00271,0,training-e
e00272,0,training-e
e00273,0,training-e
e00274,0,training-e
e00275,1,training-e
e00276,0,training-e
e00277,0,training-e
e00278,0,training-e
e00279,0,training-e
e00280,0,training-e
e00281,0,training-e
e00282,0,training-e
e00283,0,training-e
e00284,0,training-e
e00285,0,training-e
e00286,0,training-e
e00287,0,training-e
e00288,0,training-e
e00289,0,training-e
e00290,0,training-e
e00291,0,training-e
e00292,0,training-e
e00293,0,training-e
e00294,0,training-e
e00295,1,training-e
e00296,0,training-e
e00297,0,training-e
e00298,0,training-e
e00299,0,training-e
e00300,0,training-e
e00301,0,training-e
e00302,0,training-e
e00303,0,training-e
e00304,1,training-e
e00305,1,training-e
e00306,0,training-e
e00307,0,training-e
e00308,0,training-e
e00309,0,training-e
e00310,0,training-e
e00311,0,training-e
e00312,0,training-e
e00313,0,training-e
e00314,0,training-e
e00315,0,training-e
e00316,0,training-e
e00317,0,training-e
e00318,0,training-e
e00319,0,training-e
e00320,0,training-e
e00321,1,training-e
e00322,0,training-e
e00323,0,training-e
e00324,0,training-e
e00325,0,training-e
e00326,0,training-e
e00327,0,training-e
e00328,1,training-e
e00329,0,training-e
e00330,1,training-e
e00331,0,training-e
e00332,0,training-e
e00333,0,training-e
e00334,0,training-e
e00335,0,training-e
e00336,1,training-e
e00337,0,training-e
e00338,0,training-e
e00339,0,training-e
e00340,0,training-e
e00341,0,training-e
e00342,0,training-e
e00343,0,training-e
e00344,0,training-e
e00345,0,training-e
e00346,0,training-e
e00347,0,training-e
e00348,0,training-e
e00349,0,training-e
e00350,0,training-e
e00351,0,training-e
e00352,0,training-e
e00353,0,training-e
e00354,0,training-e
e00355,0,training-e
e00356,0,training-e
e00357,0,training-e
e00358,0,training-e
e00359,1,training-e
e00360,0,training-e
e00361,0,training-e
e00362,0,training-e
e00363,0,training-e
e00364,0,training-e
e00365,0,training-e
e00366,0,training-e
e00367,0,training-e
e00368,0,training-e
e00369,0,training-e
e00370,0,training-e
e00371,0,training-e
e00372,0,training-e
e00373,1,training-e
e00374,0,training-e
e00375,0,training-e
e00376,0,training-e
e00377,0,training-e
e00378,0,training-e
e00379,0,training-e
e00380,0,training-e
e00381,0,training-e
e00382,0,training-e
e00383,0,training-e
e00384,0,training-e
e00385,0,training-e
e00386,0,training-e
e00387,0,training-e
e00388,1,training-e
e00389,0,training-e
e00390,0,training-e
e00391,0,training-e
e00392,0,training-e
e00393,0,training-e
e00394,0,training-e
e00395,0,training-e
e00396,0,training-e
e00397,0,training-e
e00398,0,training-e
e00399,0,training-e
e00400,0,training-e
e00401,0,training-e
e00402,0,training-e
e00403,0,training-e
e00404,0,training-e
e00405,0,training-e
e00406,0,training-e
e00407,0,training-e
e00408,0,training-e
e00409,0,training-e
e00410,0,training-e
e00411,0,training-e
e00412,0,training-e
e00413,0,training-e
e00414,0,training-e
e00415,0,training-e
e00416,0,training-e
e00417,0,training-e
e00418,0,training-e
e00419,0,training-e
e00420,0,training-e
e00421,0,training-e
e00422,0,training-e
e00423,0,training-e
e00424,0,training-e
e00425,0,training-e
e00426,0,training-e
e00427,0,training-e
e00428,0,training-e
e00429,0,training-e
e00430,0,training-e
e00431,0,training-e
e00432,0,training-e
e00433,0,training-e
e00434,0,training-e
e00435,1,training-e
e00436,0,training-e
e00437,0,training-e
e00438,0,training-e
e00439,0,training-e
e00440,0,training-e
e00441,0,training-e
e00442,0,training-e
e00443,0,training-e
e00444,0,training-e
e00445,0,training-e
e00446,0,training-e
e00447,0,training-e
e00448,0,training-e
e00449,0,training-e
e00450,0,training-e
e00451,0,training-e
e00452,0,training-e
e00453,0,training-e
e00454,0,training-e
e00455,0,training-e
e00456,1,training-e
e00457,1,training-e
e00458,0,training-e
e00459,0,training-e
e00460,0,training-e
e00461,1,training-e
e00462,0,training-e
e00463,0,training-e
e00464,0,training-e
e00465,0,training-e
e00466,0,training-e
e00467,0,training-e
e00468,0,training-e
e00469,0,training-e
e00470,0,training-e
e00471,0,training-e
e00472,0,training-e
e00473,0,training-e
e00474,0,training-e
e00475,1,training-e
e00476,0,training-e
e00477,1,training-e
e00478,0,training-e
e00479,0,training-e
e00480,0,training-e
e00481,0,training-e
e00482,0,training-e
e00483,0,training-e
e00484,0,training-e
e00485,0,training-e
e00486,0,training-e
e00487,0,training-e
e00488,0,training-e
e00489,0,training-e
e00490,0,training-e
e00491,0,training-e
e00492,0,training-e
e00493,0,training-e
e00494,0,training-e
e00495,0,training-e
e00496,0,training-e
e00497,0,training-e
e00498,0,training-e
e00499,0,training-e
e00500,0,training-e
e00501,0,training-e
e00502,0,training-e
e00503,0,training-e
e00504,0,training-e
e00505,0,training-e
e00506,0,training-e
e00507,0,training-e
e00508,0,training-e
e00509,0,training-e
e00510,0,training-e
e00511,0,training-e
e00512,0,training-e
e00513,0,training-e
e00514,0,training-e
e00515,0,training-e
e00516,0,training-e
e00517,0,training-e
e00518,0,training-e
e00519,0,training-e
e00520,0,training-e
e00521,0,training-e
e00522,0,training-e
e00523,1,training-e
e00524,0,training-e
e00525,0,training-e
e00526,1,training-e
e00527,0,training-e
e00528,1,training-e
e00529,0,training-e
e00530,0,training-e
e00531,0,training-e
e00532,0,training-e
e00533,0,training-e
e00534,0,training-e
e00535,0,training-e
e00536,1,training-e
e00537,1,training-e
e00538,0,training-e
e00539,1,training-e
e00540,0,training-e
e00541,0,training-e
e00542,0,training-e
e00543,0,training-e
e00544,0,training-e
e00545,0,training-e
e00546,0,training-e
e00547,0,training-e
e00548,0,training-e
e00549,0,training-e
e00550,0,training-e
e00551,1,training-e
e00552,0,training-e
e00553,0,training-e
e00554,0,training-e
e00555,0,training-e
e00556,0,training-e
e00557,0,training-e
e00558,0,training-e
e00559,0,training-e
e00560,0,training-e
e00561,0,training-e
e00562,1,training-e
e00563,0,training-e
e00564,0,training-e
e00565,0,training-e
e00566,0,training-e
e00567,0,training-e
e00568,0,training-e
e00569,0,training-e
e00570,0,training-e
e00571,0,training-e
e00572,0,training-e
e00573,0,training-e
e00574,0,training-e
e00575,0,training-e
e00576,0,training-e
e00577,0,training-e
e00578,0,training-e
e00579,0,training-e
e00580,0,training-e
e00581,0,training-e
e00582,0,training-e
e00583,0,training-e
e00584,0,training-e
e00585,0,training-e
e00586,0,training-e
e00587,0,training-e
e00588,0,training-e
e00589,0,training-e
e00590,0,training-e
e00591,1,training-e
e00592,0,training-e
e00593,0,training-e
e00594,0,training-e
e00595,0,training-e
e00596,0,training-e
e00597,0,training-e
e00598,0,training-e
e00599,0,training-e
e00600,0,training-e
e00601,1,training-e
e00602,0,training-e
e00603,1,training-e
e00604,0,training-e
e00605,1,training-e
e00606,0,training-e
e00607,0,training-e
e00608,0,training-e
e00609,0,training-e
e00610,0,training-e
e00611,0,training-e
e00612,0,training-e
e00613,0,training-e
e00614,0,training-e
e00615,0,training-e
e00616,0,training-e
e00617,0,training-e
e00618,0,training-e
e00619,1,training-e
e00620,0,training-e
e00621,0,training-e
e00622,1,training-e
e00623,0,training-e
e00624,0,training-e
e00625,0,training-e
e00626,0,training-e
e00627,1,training-e
e00628,0,training-e
e00629,0,training-e
e00630,0,training-e
e00631,0,training-e
e00632,0,training-e
e00633,0,training-e
e00634,0,training-e
e00635,0,training-e
e00636,0,training-e
e00637,0,training-e
e00638,0,training-e
e00639,0,training-e
e00640,0,training-e
e00641,0,training-e
e00642,0,training-e
e00643,0,training-e
e00644,0,training-e
e00645,0,training-e
e00646,0,training-e
e00647,0,training-e
e00648,1,training-e
e00649,0,training-e
e00650,0,training-e
e00651,0,training-e
e00652,0,training-e
e00653,0,training-e
e00654,0,training-e
e00655,0,training-e
e00656,0,training-e
e00657,1,training-e
e00658,0,training-e
e00659,0,training-e
e00660,0,training-e
e00661,0,training-e
e00662,0,training-e
e00663,0,training-e
e00664,0,training-e
e00665,0,training-e
e00666,0,training-e
e00667,0,training-e
e00668,0,training-e
e00669,0,training-e
e00670,1,training-e
e00671,0,training-e
e00672,0,training-e
e00673,0,training-e
e00674,0,training-e
e00675,0,training-e
e00676,0,training-e
e00677,0,training-e
e00678,0,training-e
e00679,0,training-e
e00680,0,training-e
e00681,0,training-e
e00682,0,training-e
e00683,0,training-e
e00684,0,training-e
e00685,0,training-e
e00686,0,training-e
e00687,0,training-e
e00688,0,training-e
e00689,0,training-e
e00690,0,training-e
e00691,0,training-e
e00692,0,training-e
e00693,1,training-e
e00694,0,training-e
e00695,0,training-e
e00696,0,training-e
e00697,0,training-e
e00698,0,training-e
e00699,1,training-e
e00700,0,training-e
e00701,0,training-e
e00702,0,training-e
e00703,1,training-e
e00704,0,training-e
e00705,0,training-e
e00706,0,training-e
e00707,0,training-e
e00708,0,training-e
e00709,0,training-e
e00710,0,training-e
e00711,0,training-e
e00712,0,training-e
e00713,1,training-e
e00714,0,training-e
e00715,0,training-e
e00716,0,training-e
e00717,0,training-e
e00718,0,training-e
e00719,0,training-e
e00720,0,training-e
e00721,0,training-e
e00722,0,training-e
e00723,0,training-e
e00724,0,training-e
e00725,0,training-e
e00726,0,training-e
e00727,0,training-e
e00728,0,training-e
e00729,0,training-e
e00730,0,training-e
e00731,1,training-e
e00732,0,training-e
e00733,0,training-e
e00734,0,training-e
e00735,0,training-e
e00736,0,training-e
e00737,1,training-e
e00738,0,training-e
e00739,0,training-e
e00740,0,training-e
e00741,0,training-e
e00742,0,training-e
e00743,0,training-e
e00744,0,training-e
e00745,0,training-e
e00746,0,training-e
e00747,0,training-e
e00748,0,training-e
e00749,0,training-e
e00750,0,training-e
e00751,0,training-e
e00752,0,training-e
e00753,0,training-e
e00754,0,training-e
e00755,0,training-e
e00756,0,training-e
e00757,0,training-e
e00758,0,training-e
e00759,0,training-e
e00760,0,training-e
e00761,0,training-e
e00762,0,training-e
e00763,0,training-e
e00764,0,training-e
e00765,0,training-e
e00766,1,training-e
e00767,0,training-e
e00768,0,training-e
e00769,0,training-e
e00770,0,training-e
e00771,0,training-e
e00772,0,training-e
e00773,0,training-e
e00774,0,training-e
e00775,0,training-e
e00776,0,training-e
e00777,0,training-e
e00778,0,training-e
e00779,0,training-e
e00780,0,training-e
e00781,0,training-e
e00782,0,training-e
e00783,0,training-e
e00784,0,training-e
e00785,0,training-e
e00786,0,training-e
e00787,0,training-e
e00788,0,training-e
e00789,0,training-e
e00790,0,training-e
e00791,0,training-e
e00792,1,training-e
e00793,0,training-e
e00794,0,training-e
e00795,0,training-e
e00796,0,training-e
e00797,0,training-e
e00798,0,training-e
e00799,0,training-e
e00800,0,training-e
e00801,0,training-e
e00802,0,training-e
e00803,0,training-e
e00804,0,training-e
e00805,0,training-e
e00806,0,training-e
e00807,0,training-e
e00808,0,training-e
e00809,0,training-e
e00810,0,training-e
e00811,1,training-e
e00812,1,training-e
e00813,0,training-e
e00814,0,training-e
e00815,0,training-e
e00816,0,training-e
e00817,0,training-e
e00818,0,training-e
e00819,0,training-e
e00820,0,training-e
e00821,0,training-e
e00822,0,training-e
e00823,0,training-e
e00824,1,training-e
e00825,0,training-e
e00826,0,training-e
e00827,0,training-e
e00828,0,training-e
e00829,0,training-e
e00830,0,training-e
e00831,0,training-e
e00832,0,training-e
e00833,0,training-e
e00834,0,training-e
e00835,0,training-e
e00836,0,training-e
e00837,0,training-e
e00838,0,training-e
e00839,0,training-e
e00840,0,training-e
e00841,1,training-e
e00842,0,training-e
e00843,0,training-e
e00844,0,training-e
e00845,0,training-e
e00846,0,training-e
e00847,1,training-e
e00848,0,training-e
e00849,0,training-e
e00850,0,training-e
e00851,0,training-e
e00852,0,training-e
e00853,0,training-e
e00854,0,training-e
e00855,0,training-e
e00856,0,training-e
e00857,0,training-e
e00858,0,training-e
e00859,0,training-e
e00860,0,training-e
e00861,0,training-e
e00862,0,training-e
e00863,0,training-e
e00864,0,training-e
e00865,0,training-e
e00866,0,training-e
e00867,0,training-e
e00868,0,training-e
e00869,0,training-e
e00870,0,training-e
e00871,1,training-e
e00872,0,training-e
e00873,0,training-e
e00874,0,training-e
e00875,0,training-e
e00876,0,training-e
e00877,0,training-e
e00878,0,training-e
e00879,0,training-e
e00880,1,training-e
e00881,0,training-e
e00882,0,training-e
e00883,0,training-e
e00884,0,training-e
e00885,0,training-e
e00886,0,training-e
e00887,0,training-e
e00888,0,training-e
e00889,0,training-e
e00890,0,training-e
e00891,0,training-e
e00892,0,training-e
e00893,0,training-e
e00894,0,training-e
e00895,0,training-e
e00896,0,training-e
e00897,0,training-e
e00898,0,training-e
e00899,0,training-e
e00900,0,training-e
e00901,0,training-e
e00902,0,training-e
e00903,0,training-e
e00904,0,training-e
e00905,0,training-e
e00906,0,training-e
e00907,0,training-e
e00908,0,training-e
e00909,0,training-e
e00910,0,training-e
e00911,0,training-e
e00912,0,training-e
e00913,0,training-e
e00914,0,training-e
e00915,0,training-e
e00916,0,training-e
e00917,1,training-e
e00918,0,training-e
e00919,0,training-e
e00920,0,training-e
e00921,1,training-e
e00922,0,training-e
e00923,0,training-e
e00924,1,training-e
e00925,1,training-e
e00926,0,training-e
e00927,0,training-e
e00928,0,training-e
e00929,1,training-e
e00930,0,training-e
e00931,0,training-e
e00932,0,training-e
e00933,0,training-e
e00934,0,training-e
e00935,1,training-e
e00936,1,training-e
e00937,0,training-e
e00938,0,training-e
e00939,0,training-e
e00940,0,training-e
e00941,0,training-e
e00942,0,training-e
e00943,0,training-e
e00944,0,training-e
e00945,0,training-e
e00946,0,training-e
e00947,0,training-e
e00948,0,training-e
e00949,0,training-e
e00950,0,training-e
e00951,0,training-e
e00952,0,training-e
e00953,0,training-e
e00954,0,training-e
e00955,0,training-e
e00956,0,training-e
e00957,0,training-e
e00958,0,training-e
e00959,0,training-e
e00960,0,training-e
e00961,0,training-e
e00962,0,training-e
e00963,0,training-e
e00964,0,training-e
e00965,0,training-e
e00966,0,training-e
e00967,1,training-e
e00968,0,training-e
e00969,0,training-e
e00970,0,training-e
e00971,0,training-e
e00972,0,training-e
e00973,0,training-e
e00974,0,training-e
e00975,0,training-e
e00976,0,training-e
e00977,0,training-e
e00978,0,training-e
e00979,0,training-e
e00980,1,training-e
e00981,0,training-e
e00982,0,training-e
e00983,0,training-e
e00984,0,training-e
e00985,0,training-e
e00986,0,training-e
e00987,0,training-e
e00988,0,training-e
e00989,0,training-e
e00990,0,training-e
e00991,0,training-e
e00992,0,training-e
e00993,0,training-e
e00994,0,training-e
e00995,0,training-e
e00996,0,training-e
e00997,0,training-e
e00998,1,training-e
e00999,0,training-e
e01000,0,training-e
e01001,0,training-e
e01002,0,training-e
e01003,0,training-e
e01004,0,training-e
e01005,0,training-e
e01006,0,training-e
e01007,0,training-e
e01008,0,training-e
e01009,0,training-e
e01010,0,training-e
e01011,0,training-e
e01012,0,training-e
e01013,1,training-e
e01014,0,training-e
e01015,0,training-e
e01016,1,training-e
e01017,0,training-e
e01018,0,training-e
e01019,0,training-e
e01020,0,training-e
e01021,0,training-e
e01022,0,training-e
e01023,0,training-e
e01024,0,training-e
e01025,0,training-e
e01026,0,training-e
e01027,0,training-e
e01028,0,training-e
e01029,0,training-e
e01030,0,training-e
e01031,0,training-e
e01032,0,training-e
e01033,0,training-e
e01034,0,training-e
e01035,0,training-e
e01036,0,training-e
e01037,0,training-e
e01038,0,training-e
e01039,0,training-e
e01040,0,training-e
e01041,0,training-e
e01042,0,training-e
e01043,0,training-e
e01044,0,training-e
e01045,0,training-e
e01046,0,training-e
e01047,0,training-e
e01048,0,training-e
e01049,0,training-e
e01050,0,training-e
e01051,0,training-e
e01052,0,training-e
e01053,0,training-e
e01054,0,training-e
e01055,1,training-e
e01056,0,training-e
e01057,0,training-e
e01058,0,training-e
e01059,0,training-e
e01060,0,training-e
e01061,0,training-e
e01062,1,training-e
e01063,0,training-e
e01064,0,training-e
e01065,0,training-e
e01066,0,training-e
e01067,0,training-e
e01068,0,training-e
e01069,0,training-e
e01070,0,training-e
e01071,0,training-e
e01072,0,training-e
e01073,0,training-e
e01074,0,training-e
e01075,0,training-e
e01076,0,training-e
e01077,0,training-e
e01078,0,training-e
e01079,0,training-e
e01080,0,training-e
e01081,0,training-e
e01082,0,training-e
e01083,0,training-e
e01084,1,training-e
e01085,0,training-e
e01086,0,training-e
e01087,0,training-e
e01088,0,training-e
e01089,0,training-e
e01090,0,training-e
e01091,0,training-e
e01092,0,training-e
e01093,0,training-e
e01094,0,training-e
e01095,0,training-e
e01096,0,training-e
e01097,1,training-e
e01098,0,training-e
e01099,0,training-e
e01100,0,training-e
e01101,0,training-e
e01102,0,training-e
e01103,0,training-e
e01104,0,training-e
e01105,1,training-e
e01106,0,training-e
e01107,0,training-e
e01108,0,training-e
e01109,0,training-e
e01110,0,training-e
e01111,0,training-e
e01112,0,training-e
e01113,0,training-e
e01114,0,training-e
e01115,1,training-e
e01116,0,training-e
e01117,0,training-e
e01118,0,training-e
e01119,0,training-e
e01120,0,training-e
e01121,0,training-e
e01122,0,training-e
e01123,0,training-e
e01124,0,training-e
e01125,0,training-e
e01126,0,training-e
e01127,0,training-e
e01128,0,training-e
e01129,0,training-e
e01130,0,training-e
e01131,0,training-e
e01132,0,training-e
e01133,0,training-e
e01134,0,training-e
e01135,0,training-e
e01136,0,training-e
e01137,0,training-e
e01138,0,training-e
e01139,0,training-e
e01140,0,training-e
e01141,0,training-e
e01142,0,training-e
e01143,0,training-e
e01144,0,training-e
e01145,0,training-e
e01146,0,training-e
e01147,0,training-e
e01148,0,training-e
e01149,0,training-e
e01150,0,training-e
e01151,0,training-e
e01152,0,training-e
e01153,0,training-e
e01154,0,training-e
e01155,0,training-e
e01156,0,training-e
e01157,0,training-e
e01158,0,training-e
e01159,0,training-e
e01160,1,training-e
e01161,0,training-e
e01162,0,training-e
e01163,0,training-e
e01164,0,training-e
e01165,0,training-e
e01166,0,training-e
e01167,0,training-e
e01168,0,training-e
e01169,0,training-e
e01170,0,training-e
e01171,0,training-e
e01172,0,training-e
e01173,0,training-e
e01174,0,training-e
e01175,0,training-e
e01176,0,training-e
e01177,0,training-e
e01178,0,training-e
e01179,0,training-e
e01180,0,training-e
e01181,0,training-e
e01182,0,training-e
e01183,0,training-e
e01184,0,training-e
e01185,0,training-e
e01186,0,training-e
e01187,0,training-e
e01188,0,training-e
e01189,0,training-e
e01190,0,training-e
e01191,0,training-e
e01192,0,training-e
e01193,0,training-e
e01194,0,training-e
e01195,0,training-e
e01196,0,training-e
e01197,0,training-e
e01198,0,training-e
e01199,0,training-e
e01200,0,training-e
e01201,0,training-e
e01202,0,training-e
e01203,0,training-e
e01204,0,training-e
e01205,1,training-e
e01206,0,training-e
e01207,0,training-e
e01208,0,training-e
e01209,0,training-e
e01210,0,training-e
e01211,0,training-e
e01212,0,training-e
e01213,0,training-e
e01214,0,training-e
e01215,1,training-e
e01216,0,training-e
e01217,0,training-e
e01218,1,training-e
e01219,0,training-e
e01220,0,training-e
e01221,0,training-e
e01222,0,training-e
e01223,0,training-e
e01224,0,training-e
e01225,0,training-e
e01226,1,training-e
e01227,0,training-e
e01228,0,training-e
e01229,0,training-e
e01230,0,training-e
e01231,0,training-e
e01232,0,training-e
e01233,0,training-e
e01234,0,training-e
e01235,0,training-e
e01236,0,training-e
e01237,1,training-e
e01238,0,training-e
e01239,0,training-e
e01240,0,training-e
e01241,0,training-e
e01242,0,training-e
e01243,0,training-e
e01244,0,training-e
e01245,0,training-e
e01246,1,training-e
e01247,0,training-e
e01248,0,training-e
e01249,0,training-e
e01250,0,training-e
e01251,0,training-e
e01252,0,training-e
e01253,0,training-e
e01254,0,training-e
e01255,0,training-e
e01256,1,training-e
e01257,0,training-e
e01258,0,training-e
e01259,0,training-e
e01260,0,training-e
e01261,0,training-e
e01262,0,training-e
e01263,1,training-e
e01264,0,training-e
e01265,0,training-e
e01266,0,training-e
e01267,0,training-e
e01268,0,training-e
e01269,0,training-e
e01270,0,training-e
e01271,0,training-e
e01272,1,training-e
e01273,0,training-e
e01274,0,training-e
e01275,0,training-e
e01276,0,training-e
e01277,0,training-e
e01278,0,training-e
e01279,0,training-e
e01280,1,training-e
e01281,0,training-e
e01282,0,training-e
e01283,0,training-e
e01284,1,training-e
e01285,0,training-e
e01286,0,training-e
e01287,0,training-e
e01288,0,training-e
e01289,1,training-e
e01290,0,training-e
e01291,0,training-e
e01292,0,training-e
e01293,0,training-e
e01294,0,training-e
e01295,0,training-e
e01296,0,training-e
e01297,0,training-e
e01298,1,training-e
e01299,1,training-e
e01300,0,training-e
e01301,0,training-e
e01302,0,training-e
e01303,0,training-e
e01304,0,training-e
e01305,0,training-e
e01306,0,training-e
e01307,1,training-e
e01308,0,training-e
e01309,0,training-e
e01310,0,training-e
e01311,0,training-e
e01312,0,training-e
e01313,0,training-e
e01314,0,training-e
e01315,0,training-e
e01316,0,training-e
e01317,0,training-e
e01318,0,training-e
e01319,0,training-e
e01320,0,training-e
e01321,0,training-e
e01322,0,training-e
e01323,0,training-e
e01324,0,training-e
e01325,0,training-e
e01326,0,training-e
e01327,0,training-e
e01328,0,training-e
e01329,0,training-e
e01330,0,training-e
e01331,0,training-e
e01332,0,training-e
e01333,0,training-e
e01334,0,training-e
e01335,0,training-e
e01336,0,training-e
e01337,0,training-e
e01338,0,training-e
e01339,0,training-e
e01340,0,training-e
e01341,1,training-e
e01342,0,training-e
e01343,0,training-e
e01344,0,training-e
e01345,0,training-e
e01346,0,training-e
e01347,0,training-e
e01348,0,training-e
e01349,0,training-e
e01350,0,training-e
e01351,1,training-e
e01352,0,training-e
e01353,0,training-e
e01354,0,training-e
e01355,0,training-e
e01356,0,training-e
e01357,0,training-e
e01358,0,training-e
e01359,0,training-e
e01360,0,training-e
e01361,0,training-e
e01362,0,training-e
e01363,0,training-e
e01364,0,training-e
e01365,1,training-e
e01366,0,training-e
e01367,1,training-e
e01368,0,training-e
e01369,0,training-e
e01370,0,training-e
e01371,0,training-e
e01372,0,training-e
e01373,0,training-e
e01374,1,training-e
e01375,1,training-e
e01376,1,training-e
e01377,0,training-e
e01378,0,training-e
e01379,0,training-e
e01380,0,training-e
e01381,0,training-e
e01382,1,training-e
e01383,1,training-e
e01384,0,training-e
e01385,0,training-e
e01386,0,training-e
e01387,0,training-e
e01388,0,training-e
e01389,0,training-e
e01390,0,training-e
e01391,0,training-e
e01392,0,training-e
e01393,0,training-e
e01394,0,training-e
e01395,0,training-e
e01396,0,training-e
e01397,0,training-e
e01398,0,training-e
e01399,1,training-e
e01400,0,training-e
e01401,0,training-e
e01402,0,training-e
e01403,0,training-e
e01404,0,training-e
e01405,0,training-e
e01406,0,training-e
e01407,0,training-e
e01408,0,training-e
e01409,0,training-e
e01410,0,training-e
e01411,0,training-e
e01412,0,training-e
e01413,0,training-e
e01414,0,training-e
e01415,0,training-e
e01416,0,training-e
e01417,0,training-e
e01418,0,training-e
e01419,0,training-e
e01420,0,training-e
e01421,1,training-e
e01422,0,training-e
e01423,0,training-e
e01424,0,training-e
e01425,0,training-e
e01426,0,training-e
e01427,0,training-e
e01428,0,training-e
e01429,0,training-e
e01430,0,training-e
e01431,0,training-e
e01432,0,training-e
e01433,0,training-e
e01434,0,training-e
e01435,0,training-e
e01436,0,training-e
e01437,0,training-e
e01438,0,training-e
e01439,0,training-e
e01440,0,training-e
e01441,0,training-e
e01442,0,training-e
e01443,0,training-e
e01444,0,training-e
e01445,0,training-e
e01446,0,training-e
e01447,0,training-e
e01448,0,training-e
e01449,0,training-e
e01450,0,training-e
e01451,0,training-e
e01452,0,training-e
e01453,0,training-e
e01454,0,training-e
e01455,0,training-e
e01456,0,training-e
e01457,1,training-e
e01458,0,training-e
e01459,0,training-e
e01460,0,training-e
e01461,1,training-e
e01462,0,training-e
e01463,0,training-e
e01464,0,training-e
e01465,0,training-e
e01466,0,training-e
e01467,0,training-e
e01468,0,training-e
e01469,0,training-e
e01470,0,training-e
e01471,0,training-e
e01472,0,training-e
e01473,0,training-e
e01474,0,training-e
e01475,0,training-e
e01476,0,training-e
e01477,0,training-e
e01478,0,training-e
e01479,1,training-e
e01480,0,training-e
e01481,0,training-e
e01482,0,training-e
e01483,1,training-e
e01484,0,training-e
e01485,0,training-e
e01486,0,training-e
e01487,0,training-e
e01488,0,training-e
e01489,0,training-e
e01490,0,training-e
e01491,0,training-e
e01492,0,training-e
e01493,0,training-e
e01494,1,training-e
e01495,0,training-e
e01496,0,training-e
e01497,0,training-e
e01498,0,training-e
e01499,0,training-e
e01500,0,training-e
e01501,0,training-e
e01502,1,training-e
e01503,0,training-e
e01504,0,training-e
e01505,0,training-e
e01506,0,training-e
e01507,0,training-e
e01508,0,training-e
e01509,0,training-e
e01510,0,training-e
e01511,1,training-e
e01512,0,training-e
e01513,0,training-e
e01514,0,training-e
e01515,0,training-e
e01516,0,training-e
e01517,0,training-e
e01518,0,training-e
e01519,0,training-e
e01520,0,training-e
e01521,0,training-e
e01522,0,training-e
e01523,0,training-e
e01524,0,training-e
e01525,0,training-e
e01526,0,training-e
e01527,0,training-e
e01528,0,training-e
e01529,1,training-e
e01530,0,training-e
e01531,1,training-e
e01532,0,training-e
e01533,0,training-e
e01534,0,training-e
e01535,0,training-e
e01536,0,training-e
e01537,0,training-e
e01538,0,training-e
e01539,0,training-e
e01540,0,training-e
e01541,0,training-e
e01542,0,training-e
e01543,0,training-e
e01544,0,training-e
e01545,0,training-e
e01546,0,training-e
e01547,0,training-e
e01548,0,training-e
e01549,0,training-e
e01550,0,training-e
e01551,0,training-e
e01552,0,training-e
e01553,0,training-e
e01554,0,training-e
e01555,0,training-e
e01556,0,training-e
e01557,0,training-e
e01558,0,training-e
e01559,1,training-e
e01560,0,training-e
e01561,0,training-e
e01562,0,training-e
e01563,0,training-e
e01564,0,training-e
e01565,0,training-e
e01566,0,training-e
e01567,0,training-e
e01568,1,training-e
e01569,0,training-e
e01570,0,training-e
e01571,0,training-e
e01572,1,training-e
e01573,0,training-e
e01574,0,training-e
e01575,0,training-e
e01576,0,training-e
e01577,0,training-e
e01578,0,training-e
e01579,0,training-e
e01580,0,training-e
e01581,1,training-e
e01582,0,training-e
e01583,0,training-e
e01584,0,training-e
e01585,0,training-e
e01586,0,training-e
e01587,0,training-e
e01588,0,training-e
e01589,0,training-e
e01590,0,training-e
e01591,0,training-e
e01592,0,training-e
e01593,0,training-e
e01594,0,training-e
e01595,0,training-e
e01596,0,training-e
e01597,0,training-e
e01598,0,training-e
e01599,0,training-e
e01600,0,training-e
e01601,1,training-e
e01602,1,training-e
e01603,0,training-e
e01604,0,training-e
e01605,1,training-e
e01606,0,training-e
e01607,0,training-e
e01608,0,training-e
e01609,0,training-e
e01610,0,training-e
e01611,0,training-e
e01612,0,training-e
e01613,0,training-e
e01614,0,training-e
e01615,0,training-e
e01616,0,training-e
e01617,0,training-e
e01618,0,training-e
e01619,0,training-e
e01620,0,training-e
e01621,0,training-e
e01622,0,training-e
e01623,1,training-e
e01624,0,training-e
e01625,0,training-e
e01626,0,training-e
e01627,0,training-e
e01628,0,training-e
e01629,0,training-e
e01630,0,training-e
e01631,0,training-e
e01632,0,training-e
e01633,0,training-e
e01634,0,training-e
e01635,0,training-e
e01636,0,training-e
e01637,1,training-e
e01638,1,training-e
e01639,0,training-e
e01640,0,training-e
e01641,0,training-e
e01642,0,training-e
e01643,0,training-e
e01644,0,training-e
e01645,0,training-e
e01646,0,training-e
e01647,0,training-e
e01648,0,training-e
e01649,0,training-e
e01650,0,training-e
e01651,1,training-e
e01652,0,training-e
e01653,0,training-e
e01654,0,training-e
e01655,0,training-e
e01656,0,training-e
e01657,0,training-e
e01658,0,training-e
e01659,0,training-e
e01660,0,training-e
e01661,1,training-e
e01662,0,training-e
e01663,0,training-e
e01664,0,training-e
e01665,1,training-e
e01666,0,training-e
e01667,0,training-e
e01668,1,training-e
e01669,0,training-e
e01670,0,training-e
e01671,0,training-e
e01672,0,training-e
e01673,0,training-e
e01674,0,training-e
e01675,0,training-e
e01676,0,training-e
e01677,0,training-e
e01678,0,training-e
e01679,0,training-e
e01680,0,training-e
e01681,0,training-e
e01682,0,training-e
e01683,0,training-e
e01684,1,training-e
e01685,0,training-e
e01686,1,training-e
e01687,0,training-e
e01688,0,training-e
e01689,1,training-e
e01690,0,training-e
e01691,0,training-e
e01692,0,training-e
e01693,0,training-e
e01694,0,training-e
e01695,0,training-e
e01696,0,training-e
e01697,1,training-e
e01698,0,training-e
e01699,0,training-e
e01700,0,training-e
e01701,0,training-e
e01702,0,training-e
e01703,0,training-e
e01704,0,training-e
e01705,0,training-e
e01706,0,training-e
e01707,0,training-e
e01708,0,training-e
e01709,0,training-e
e01710,0,training-e
e01711,1,training-e
e01712,0,training-e
e01713,0,training-e
e01714,0,training-e
e01715,0,training-e
e01716,0,training-e
e01717,0,training-e
e01718,0,training-e
e01719,1,training-e
e01720,0,training-e
e01721,0,training-e
e01722,0,training-e
e01723,0,training-e
e01724,0,training-e
e01725,0,training-e
e01726,0,training-e
e01727,0,training-e
e01728,0,training-e
e01729,0,training-e
e01730,0,training-e
e01731,0,training-e
e01732,1,training-e
e01733,0,training-e
e01734,0,training-e
e01735,0,training-e
e01736,0,training-e
e01737,0,training-e
e01738,0,training-e
e01739,0,training-e
e01740,0,training-e
e01741,0,training-e
e01742,0,training-e
e01743,0,training-e
e01744,0,training-e
e01745,0,training-e
e01746,0,training-e
e01747,0,training-e
e01748,0,training-e
e01749,0,training-e
e01750,0,training-e
e01751,0,training-e
e01752,0,training-e
e01753,0,training-e
e01754,0,training-e
e01755,0,training-e
e01756,1,training-e
e01757,0,training-e
e01758,0,training-e
e01759,0,training-e
e01760,0,training-e
e01761,0,training-e
e01762,0,training-e
e01763,0,training-e
e01764,0,training-e
e01765,0,training-e
e01766,1,training-e
e01767,0,training-e
e01768,0,training-e
e01769,0,training-e
e01770,0,training-e
e01771,0,training-e
e01772,0,training-e
e01773,0,training-e
e01774,0,training-e
e01775,0,training-e
e01776,0,training-e
e01777,0,training-e
e01778,0,training-e
e01779,0,training-e
e01780,0,training-e
e01781,0,training-e
e01782,0,training-e
e01783,0,training-e
e01784,0,training-e
e01785,0,training-e
e01786,0,training-e
e01787,1,training-e
e01788,0,training-e
e01789,0,training-e
e01790,0,training-e
e01791,1,training-e
e01792,0,training-e
e01793,0,training-e
e01794,0,training-e
e01795,0,training-e
e01796,0,training-e
e01797,0,training-e
e01798,0,training-e
e01799,0,training-e
e01800,0,training-e
e01801,0,training-e
e01802,0,training-e
e01803,0,training-e
e01804,0,training-e
e01805,0,training-e
e01806,0,training-e
e01807,0,training-e
e01808,0,training-e
e01809,0,training-e
e01810,0,training-e
e01811,0,training-e
e01812,1,training-e
e01813,0,training-e
e01814,0,training-e
e01815,0,training-e
e01816,0,training-e
e01817,0,training-e
e01818,0,training-e
e01819,0,training-e
e01820,0,training-e
e01821,0,training-e
e01822,0,training-e
e01823,0,training-e
e01824,1,training-e
e01825,0,training-e
e01826,0,training-e
e01827,0,training-e
e01828,0,training-e
e01829,0,training-e
e01830,0,training-e
e01831,0,training-e
e01832,1,training-e
e01833,0,training-e
e01834,0,training-e
e01835,0,training-e
e01836,0,training-e
e01837,0,training-e
e01838,0,training-e
e01839,0,training-e
e01840,0,training-e
e01841,0,training-e
e01842,0,training-e
e01843,0,training-e
e01844,0,training-e
e01845,0,training-e
e01846,1,training-e
e01847,0,training-e
e01848,1,training-e
e01849,0,training-e
e01850,0,training-e
e01851,0,training-e
e01852,0,training-e
e01853,0,training-e
e01854,0,training-e
e01855,1,training-e
e01856,1,training-e
e01857,1,training-e
e01858,0,training-e
e01859,0,training-e
e01860,0,training-e
e01861,0,training-e
e01862,0,training-e
e01863,0,training-e
e01864,0,training-e
e01865,0,training-e
e01866,0,training-e
e01867,1,training-e
e01868,0,training-e
e01869,1,training-e
e01870,0,training-e
e01871,0,training-e
e01872,0,training-e
e01873,0,training-e
e01874,0,training-e
e01875,0,training-e
e01876,0,training-e
e01877,0,training-e
e01878,0,training-e
e01879,0,training-e
e01880,0,training-e
e01881,1,training-e
e01882,0,training-e
e01883,0,training-e
e01884,0,training-e
e01885,0,training-e
e01886,0,training-e
e01887,0,training-e
e01888,0,training-e
e01889,0,training-e
e01890,0,training-e
e01891,0,training-e
e01892,0,training-e
e01893,0,training-e
e01894,0,training-e
e01895,0,training-e
e01896,0,training-e
e01897,0,training-e
e01898,0,training-e
e01899,0,training-e
e01900,0,training-e
e01901,0,training-e
e01902,0,training-e
e01903,0,training-e
e01904,0,training-e
e01905,0,training-e
e01906,0,training-e
e01907,0,training-e
e01908,0,training-e
e01909,0,training-e
e01910,0,training-e
e01911,0,training-e
e01912,0,training-e
e01913,0,training-e
e01914,0,training-e
e01915,0,training-e
e01916,0,training-e
e01917,1,training-e
e01918,0,training-e
e01919,0,training-e
e01920,0,training-e
e01921,0,training-e
e01922,1,training-e
e01923,0,training-e
e01924,0,training-e
e01925,0,training-e
e01926,0,training-e
e01927,0,training-e
e01928,0,training-e
e01929,1,training-e
e01930,0,training-e
e01931,0,training-e
e01932,0,training-e
e01933,0,training-e
e01934,0,training-e
e01935,0,training-e
e01936,0,training-e
e01937,0,training-e
e01938,0,training-e
e01939,0,training-e
e01940,0,training-e
e01941,0,training-e
e01942,0,training-e
e01943,0,training-e
e01944,0,training-e
e01945,0,training-e
e01946,0,training-e
e01947,0,training-e
e01948,0,training-e
e01949,0,training-e
e01950,0,training-e
e01951,0,training-e
e01952,0,training-e
e01953,1,training-e
e01954,0,training-e
e01955,0,training-e
e01956,0,training-e
e01957,0,training-e
e01958,0,training-e
e01959,0,training-e
e01960,0,training-e
e01961,0,training-e
e01962,1,training-e
e01963,0,training-e
e01964,0,training-e
e01965,0,training-e
e01966,0,training-e
e01967,1,training-e
e01968,0,training-e
e01969,0,training-e
e01970,0,training-e
e01971,1,training-e
e01972,0,training-e
e01973,0,training-e
e01974,0,training-e
e01975,0,training-e
e01976,0,training-e
e01977,0,training-e
e01978,1,training-e
e01979,0,training-e
e01980,0,training-e
e01981,0,training-e
e01982,0,training-e
e01983,0,training-e
e01984,0,training-e
e01985,0,training-e
e01986,0,training-e
e01987,0,training-e
e01988,0,training-e
e01989,0,training-e
e01990,0,training-e
e01991,0,training-e
e01992,1,training-e
e01993,0,training-e
e01994,0,training-e
e01995,1,training-e
e01996,0,training-e
e01997,0,training-e
e01998,0,training-e
e01999,0,training-e
e02000,0,training-e
e02001,0,training-e
e02002,0,training-e
e02003,0,training-e
e02004,0,training-e
e02005,0,training-e
e02006,0,training-e
e02007,0,training-e
e02008,0,training-e
e02009,0,training-e
e02010,0,training-e
e02011,0,training-e
e02012,0,training-e
e02013,0,training-e
e02014,0,training-e
e02015,0,training-e
e02016,0,training-e
e02017,0,training-e
e02018,0,training-e
e02019,0,training-e
e02020,0,training-e
e02021,0,training-e
e02022,0,training-e
e02023,0,training-e
e02024,0,training-e
e02025,0,training-e
e02026,0,training-e
e02027,0,training-e
e02028,0,training-e
e02029,0,training-e
e02030,1,training-e
e02031,0,training-e
e02032,1,training-e
e02033,0,training-e
e02034,0,training-e
e02035,0,training-e
e02036,0,training-e
e02037,0,training-e
e02038,0,training-e
e02039,0,training-e
e02040,0,training-e
e02041,0,training-e
e02042,0,training-e
e02043,0,training-e
e02044,1,training-e
e02045,0,training-e
e02046,0,training-e
e02047,0,training-e
e02048,0,training-e
e02049,0,training-e
e02050,0,training-e
e02051,0,training-e
e02052,0,training-e
e02053,0,training-e
e02054,0,training-e
e02055,0,training-e
e02056,0,training-e
e02057,0,training-e
e02058,0,training-e
e02059,0,training-e
e02060,0,training-e
e02061,0,training-e
e02062,0,training-e
e02063,0,training-e
e02064,0,training-e
e02065,1,training-e
e02066,0,training-e
e02067,0,training-e
e02068,0,training-e
e02069,0,training-e
e02070,0,training-e
e02071,0,training-e
e02072,0,training-e
e02073,0,training-e
e02074,1,training-e
e02075,0,training-e
e02076,0,training-e
e02077,0,training-e
e02078,0,training-e
e02079,0,training-e
e02080,0,training-e
e02081,0,training-e
e02082,0,training-e
e02083,0,training-e
e02084,0,training-e
e02085,1,training-e
e02086,0,training-e
e02087,0,training-e
e02088,0,training-e
e02089,0,training-e
e02090,0,training-e
e02091,0,training-e
e02092,0,training-e
e02093,0,training-e
e02094,0,training-e
e02095,0,training-e
e02096,0,training-e
e02097,1,training-e
e02098,0,training-e
e02099,0,training-e
e02100,0,training-e
e02101,1,training-e
e02102,1,training-e
e02103,0,training-e
e02104,0,training-e
e02105,0,training-e
e02106,0,training-e
e02107,0,training-e
e02108,1,training-e
e02109,0,training-e
e02110,0,training-e
e02111,0,training-e
e02112,0,training-e
e02113,0,training-e
e02114,0,training-e
e02115,0,training-e
e02116,0,training-e
e02117,0,training-e
e02118,0,training-e
e02119,0,training-e
e02120,0,training-e
e02121,1,training-e
e02122,0,training-e
e02123,0,training-e
e02124,0,training-e
e02125,0,training-e
e02126,1,training-e
e02127,0,training-e
e02128,0,training-e
e02129,0,training-e
e02130,0,training-e
e02131,0,training-e
e02132,0,training-e
e02133,1,training-e
e02134,0,training-e
e02135,1,training-e
e02136,0,training-e
e02137,1,training-e
e02138,0,training-e
e02139,0,training-e
e02140,0,training-e
e02141,0,training-e
f0001,0,training-f
f0002,0,training-f
f0003,1,training-f
f0004,0,training-f
f0005,0,training-f
f0006,0,training-f
f0007,1,training-f
f0008,1,training-f
f0009,0,training-f
f0010,0,training-f
f0011,0,training-f
f0012,1,training-f
f0013,0,training-f
f0014,0,training-f
f0015,0,training-f
f0016,0,training-f
f0017,0,training-f
f0018,1,training-f
f0019,0,training-f
f0020,1,training-f
f0021,0,training-f
f0022,0,training-f
f0023,0,training-f
f0024,0,training-f
f0025,0,training-f
f0026,0,training-f
f0027,0,training-f
f0028,0,training-f
f0029,1,training-f
f0030,0,training-f
f0031,0,training-f
f0032,0,training-f
f0033,0,training-f
f0034,1,training-f
f0035,1,training-f
f0036,0,training-f
f0037,0,training-f
f0038,0,training-f
f0039,0,training-f
f0040,0,training-f
f0041,1,training-f
f0042,0,training-f
f0043,0,training-f
f0044,0,training-f
f0045,1,training-f
f0046,0,training-f
f0047,1,training-f
f0048,0,training-f
f0049,0,training-f
f0050,1,training-f
f0051,0,training-f
f0052,1,training-f
f0053,0,training-f
f0054,0,training-f
f0055,0,training-f
f0056,1,training-f
f0057,1,training-f
f0058,0,training-f
f0059,0,training-f
f0060,1,training-f
f0061,0,training-f
f0062,0,training-f
f0063,1,training-f
f0064,1,training-f
f0065,0,training-f
f0066,0,training-f
f0067,1,training-f
f0068,1,training-f
f0069,1,training-f
f0070,0,training-f
f0071,1,training-f
f0072,1,training-f
f0073,0,training-f
f0074,0,training-f
f0075,0,training-f
f0076,0,training-f
f0077,0,training-f
f0078,0,training-f
f0079,1,training-f
f0080,0,training-f
f0081,0,training-f
f0082,1,training-f
f0083,1,training-f
f0084,0,training-f
f0085,1,training-f
f0086,0,training-f
f0087,0,training-f
f0088,0,training-f
f0089,1,training-f
f0090,1,training-f
f0091,0,training-f
f0092,0,training-f
f0093,1,training-f
f0094,0,training-f
f0095,0,training-f
f0096,1,training-f
f0097,0,training-f
f0098,0,training-f
f0099,1,training-f
f0100,0,training-f
f0101,0,training-f
f0102,0,training-f
f0103,1,training-f
f0104,0,training-f
f0105,0,training-f
f0106,0,training-f
f0107,0,training-f
f0108,0,training-f
f0109,0,training-f
f0110,0,training-f
f0111,0,training-f
f0112,0,training-f
f0113,0,training-f
f0114,0,training-f
